,index,Date,City,State,Country,Type,Seconds,Duration,Description,Date added,Lat,Lon
0,496,10/1/1966 19:00,edmonton (30 mi. east of&#44 hwy 16 east) (canada),ab,ca,diamond,300,5 min,Unusual ights in distance. Approached until object overhead as wide as road and ditch. Bright lights&#44 Turned head to find object in hor,8/5/2001,53.55,-113.5
1,1425,10/13/2012 20:00,calgary (canada),ab,ca,light,120,120 seconds,Bright light seen over calgary se,10/30/2012,51.083333,-114.08333300000001
2,1635,10/14/2010 22:05,calgary (canada),ab,ca,other,20,20 seckonds,ASTRONOMER REPORT:  3 objects in the night sky moving @ high rate of speed.,11/21/2010,51.083333,-114.08333300000001
3,1709,10/15/1952 24:00,edmonton (southwest of) (canada),ab,ca,cylinder,120,approx. 2 min.,Good evening folks---What I am about to discribe is what I saw back in 1952&#44in an area that is about 75 to 80 miles southwest of the ci,1/17/2004,53.55,-113.5
4,2007,10/15/2000 12:35,sherwood park (canada),ab,ca,egg,45,45 sec.,I was talking to my wife on a cell phone from a work site just North of Sherwood Park Alberta. Mid-way through the conversation I notic,1/11/2002,53.516667,-113.316667
5,2913,10/19/2000 20:00,sherwood park (canada),ab,ca,unknown,2,1 to 2 seconds,6+ beige colored objects&#44 flying in a triangular formation&#44 followed by a wispy column in the night sky over Sherwood Park&#44 Alberta.,12/2/2000,53.516667,-113.316667
6,2925,10/19/2002 17:50,calgary (canada),ab,ca,egg,600,10 mins,STRANGE OBJECT SPOTTED OVER THE CITY OF CALGARY,10/28/2002,51.083333,-114.08333300000001
7,3631,10/2/2003 12:00,hanna (canada),ab,ca,cigar,180,3 minutes,They were aligned in a triangle formation they appared to be rotating in a circle.There was a burst of green light then they disape,10/15/2003,51.633333,-111.91666699999999
8,4320,10/24/2008 22:00,edmonton (canada),ab,ca,light,900,15 minutes,Balls of lights dancing in the clouds.,10/31/2008,53.55,-113.5
9,4460,10/25/1999 14:00,edmonton (canada),ab,ca,cylinder,2400,approx: 40 mins,HBCCUFO CANADIAN REPORT:  I noticed a black cylinder orientated vertically.,8/1/2003,53.55,-113.5
10,4533,10/25/2007 22:05,vulcan (14 miles nw of) (canada),ab,ca,circle,60,50-60 seconds,bright green intensely glowing ball &#39falls&#39 rapidly from the sky and then zig zags away,3/4/2008,50.4,-113.25
11,4563,10/25/2010 07:12,barrhead (canada),ab,ca,light,90,1.5 minutes,Bright white light by tower,11/21/2010,54.116667,-114.4
12,4944,10/27/2011 21:30,calgary (canada),ab,ca,light,300,5 mins,Satellite-like object disapears and then possiblly flashes three times brightly.,12/12/2011,51.083333,-114.08333300000001
13,6901,10/7/2005 10:30,cardston (canada),ab,ca,cone,5,5 seconds,Bright blue ball of light,10/11/2005,49.2,-113.316667
14,6941,10/7/2009 01:00,barrhead (canada),ab,ca,light,15,15 seconds,Slow green light over treeline,11/21/2010,54.116667,-114.4
15,7346,10/9/2011 06:30,edmonton (canada),ab,ca,other,1200,20 min approx,Round shape with bright orange tail,10/10/2011,53.55,-113.5
16,7874,11/11/1978 18:00,st. albert (canada),ab,ca,unknown,1200,10-20 minutes,In response to sighting of 08/15/78 in St. Albert,9/2/2005,53.633333,-113.63333300000001
17,7971,11/11/2006 01:00,cold lake (canada),ab,ca,,120,2 minutes,Two occasions of possible humanoid extraterrestrial encounters in Cold Lake&#44 Alberta,2/4/2013,54.465,-110.18305600000001
18,8038,11/11/2012 02:25,calgary (canada),ab,ca,disk,9,9 seconds,Grey disk. One blue light.  Smaller then smart car but bigger then basketball,11/19/2012,51.083333,-114.08333300000001
19,8065,11/11/2013 17:00,ponoka (canada),ab,ca,light,3600,>1 hour,Bright light&#44 watched for an hour&#44 watched it speed up and go east and stop over field by Ponoka&#44 AB and then disappear.,11/20/2013,52.683333,-113.566667
20,8287,11/1/2002 16:45,calgary (canada),ab,ca,sphere,120,1-2 minutes,Observed sun reflecting off object following behind and to the right of commercial aircraft in Canada.,4/27/2004,51.083333,-114.08333300000001
21,8359,1/11/2005 17:08,calgary (canada),ab,ca,other,600,10 minutes,&quot;That&#39s no ordinary cloud.&quot;,1/19/2005,51.083333,-114.08333300000001
22,8529,1/11/2012 11:15,edmonton (canada),ab,ca,unknown,1200,20 minutes,Orange pulsating beam in sky.,1/12/2012,53.55,-113.5
23,8813,11/12/2012 21:00,canmore (canada),ab,ca,fireball,1,1 second,Huge Green Fireball Dropping from sky by Lac Des Arcs - Canmore Canada,11/19/2012,51.1,-115.35
24,9329,11/15/1984 10:15,hay lakes (canada),ab,ca,circle,2700,45 minutews,Large UFO hovering  50 feet above farm-house&#44 in Alberta&#44 witnessed by Police Officer.,5/15/2006,53.2,-113.05
25,9532,11/15/2005 17:30,edmonton (canada),ab,ca,triangle,120,2 minutes,Triangular craft clearly seen at night near edmonton with a hollow centre.,12/16/2005,53.55,-113.5
26,12084,1/12/2008 20:50,calgary (canada),ab,ca,light,2400,40 minutes,flashing,1/21/2008,51.083333,-114.08333300000001
27,12314,11/22/2003 22:30,airdrie (canada),ab,ca,unknown,1200,approx: 20 minutes,HBCCUFO CANADIAN REPORT:  Beam of light comes from the sky.,1/17/2004,51.266667,-114.016667
28,13408,11/28/2003 00:00,didsbury (canada),ab,ca,light,180,3 minutes,HBCCUFO CANADIAN REPORT:  Three white/yellow lights in color moving around in the sky.,12/9/2003,51.666667,-114.13333300000001
29,13419,11/28/2004 10:00,edmonton (canada),ab,ca,light,120,2 minutes,Bright light outside of Edmonton/Sherwoodpark,12/3/2004,53.55,-113.5
30,13872,11/30/2011 22:30,grande prairie (canada),ab,ca,other,300,5 minutes,Large red craft in the sky over Grande Prairie&#44 Alberta Canada.  2  witnesses.,12/12/2011,55.166667,-118.8
31,14326,11/4/1999 12:05,spruce grove (canada),ab,ca,cone,420,7 minutes,I was driving west on highway 16 and off to the south a cone shaped glow appeared to be moving southwest.  The shape look very similar,12/2/2000,53.533333,-113.91666699999999
32,14739,1/15/1999 17:00,calgary (canada),ab,ca,diamond,600,10 minutes,We saw the saucer shaped object move slowly across the sky&#44 much slower than an airplane would. Also there was no noise like an airplan,12/2/2000,51.083333,-114.08333300000001
33,14789,1/15/2002 01:00,st. albert (canada),ab,ca,light,120,2 minutes,Very cold&#44 small bright (buglike) light&#44 movement around streetlight.,3/11/2006,53.633333,-113.63333300000001
34,15501,1/16/2014 08:30,edmonton (canada),ab,ca,formation,1200,20 minutes,Metallic cloud cloaked object made up of three orb shaped components hovering in sky in broad daylight by international airport.,3/27/2014,53.55,-113.5
35,15670,1/17/2005 20:35,calgary (canada),ab,ca,fireball,240,2-4 min,12 ufos flew over head,1/27/2005,51.083333,-114.08333300000001
36,15775,11/7/2010 15:00,calgary (canada),ab,ca,oval,120,2 minutes,huge shiny oval shaped object seen in calgary,11/21/2010,51.083333,-114.08333300000001
37,15802,11/7/2012 02:00,bonnyville (canada),ab,ca,unknown,3,3 seconds,Thousands hear aircraft dissapear over bonnyville alberta at the speed of light&#33,11/19/2012,54.267778,-110.75083300000001
38,16079,1/18/2007 18:15,calgary (canada),ab,ca,circle,300,5 minutes,I looked out the back main window which faces WSW towards the geographically.  ((NUFORC Note:  Probably Venus.  PD)),2/24/2007,51.083333,-114.08333300000001
39,17413,12/1/2004 08:05,pincher creek (canada),ab,ca,teardrop,120,2 minutes,The UFO was shaped like a tear drop on fire and descended slowly until out of sight.,12/3/2004,49.483333,-113.95
40,18178,12/14/2012 17:21,airdrie (canada),ab,ca,fireball,30,30 seconds,Strange blue&#44 fireball like like streaking in the sky&#44 within atmosphere.,12/20/2012,51.266667,-114.016667
41,18550,12/16/2006 18:50,bellis (canada),ab,ca,disk,60,1min,15-20 red flashing lights on saucer shaped......,2/1/2007,54.143056,-112.15111100000001
42,18613,12/16/2013 18:45,lethbridge (canada),ab,ca,light,60,30-60 seconds,Light in the sky passing over head&#44 then fading away.,12/23/2013,48.366667,-53.86666700000001
43,19083,1/2/2002 08:32,fort mcmurray (canada),ab,ca,cone,7200,2 hours,A large partcially cone shaperd crafted appaered over a back road when me and my friend were drinking down dirt roads near Ft. McMurry,1/29/2002,56.733333,-111.38333300000001
44,19184,1/2/2012 07:20,brooks (canada),ab,ca,cigar,60,1 min,Floating Barge seen near Suffield Air Base Alberta Canada Jan. 02. 2012,2/10/2012,50.566667,-111.9
45,19840,12/22/2001 03:06,taber (east of) (canada),ab,ca,light,300,5 min.,unusual lights in the sky.,1/11/2002,49.783333,-112.15
46,19879,12/22/2007 19:00,edmonton (canada),ab,ca,unknown,3,3 secs,Edmonton Alberta Canada&#44 Huge object W/ Flashing lights closer then planes&#44 helicoptors or even hot air balloons. approx 7 pm DEC 22,1/21/2008,53.55,-113.5
47,19903,12/22/2011 05:00,calgary (canada),ab,ca,cylinder,5,3-5 seconds,Large&#44 bright&#44 green&#44 fast moving object falling from the sky and suddenly vanishing before crashing.,1/12/2012,51.083333,-114.08333300000001
48,20065,12/23/2010 18:00,lethbridge (canada),ab,ca,unknown,300,five minutes,anomalous object with erractic flight patterns over Lethbridge&#44 Alberta.,1/5/2011,48.366667,-53.86666700000001
49,20202,12/24/2003 13:00,airdrie (canada),ab,ca,sphere,20,15 to 20 seconds,HBCCUFO CANADIAN REPORT:  They all saw what looked like a large round ball or chrome colored marble.,1/17/2004,51.266667,-114.016667
50,21302,12/30/2000 20:55,calgary (canada),ab,ca,fireball,240,3-4 minutes,We videotaped a fireball crahing to earth....newsreporter &amp; scientist can&#39t explain our footage..,2/18/2001,51.083333,-114.08333300000001
51,21331,12/30/2004 17:00,high river (canada),ab,ca,rectangle,900,15 minutes,3 hovering bars over mountains change brightness and move up and down and back and forth for 15 minutes,12/16/2005,50.583333,-113.86666699999999
52,22619,12/5/2006 18:00,high prairie (canada),ab,ca,disk,600,10 min,Two redish orange lights on the outside of the middle.Three orange lights around the back.The craft made no noise.,12/7/2006,55.433333,-116.483333
53,22821,1/25/2014 22:45,calgary (canada),ab,ca,changing,300,5 minutes,Orange (and blue tinged) objects observed over south west Calgary.,1/30/2014,51.083333,-114.08333300000001
54,23141,12/7/1999 21:30,red deer (canada),ab,ca,disk,45,45 seconds,I witnessed an object pass over my neighborhood at an unknown altitude but below the cloud cover(1000-2000 ft.).  I&#39m assuming from my,12/2/2000,52.266667,-113.8
55,23163,12/7/2002 01:30,edson (canada),ab,ca,circle,240,4 min,Large circular object surrounded by lights with four nossles&#44 motionless and silent,12/23/2002,53.583333,-116.41666699999999
56,23374,12/7/2013 06:00,hinton (canada),ab,ca,sphere,10,10 seconds,Silver/orange sphere travelling north east between 10&#44000-20&#44000ft,12/23/2013,53.4,-117.58333300000001
57,24343,1/3/2007 06:20,airdrie (canada),ab,ca,unknown,2,few seconds,Telescope+Exploring=UFO,2/1/2007,51.266667,-114.016667
58,25208,1/8/2002 03:16,calgary (canada),ab,ca,light,2,1-2 seconds,I am a Flight Engineer with a Canadian frieght company.We had just taken off on runway 280 and were climbing out on the runway heading.,1/29/2002,51.083333,-114.08333300000001
59,25540,2/10/2001 18:30,calgary (canada),ab,ca,oval,37800,1 1/2 hours,Two cloud-shrouded craft&#44 joined by a cylinder&#44 traversed the night sky; a power outage occurred as they passed overhead.,8/16/2002,51.083333,-114.08333300000001
60,25917,2/1/2007 02:00,calgary (canada),ab,ca,flash,120,less than  2 min,triangle of white static with no solid form&#44 the static image was like moving simular to a blank tv screen,2/24/2007,51.083333,-114.08333300000001
61,26079,2/12/2004 02:30,calgary (canada),ab,ca,unknown,420,5:00-7:00min.,Had a multycoloured pulsing strobe-light  sort of like a disco light.,3/2/2004,51.083333,-114.08333300000001
62,26383,2/14/2001 22:00,calgary (canada),ab,ca,cylinder,180,approx: two hours,HBCCUFO CANADIAN REPORT:  Object caused a power outage?,3/17/2004,51.083333,-114.08333300000001
63,26420,2/14/2004 23:00,bonnyville (canada),ab,ca,fireball,15,15 seconds,shot dowards at an angle from the sky with distinct orange flames trailing it then went behind a tree and could not be seen after that,3/2/2004,54.267778,-110.75083300000001
64,26776,2/15/2010 06:05,cold lake (canada),ab,ca,light,300,5 min,Gold  color slow moving star no noise over CFB Cold Lake,4/13/2010,54.465,-110.18305600000001
65,26936,2/16/2008 02:17,edmonton (canada),ab,ca,light,3600,1 hour and going&#33&#33,Canadian aliens??????,3/4/2008,53.55,-113.5
66,27036,2/17/2002 18:41,calgary (canada),ab,ca,sphere,5,3-5 seconds,Bright ball of light seen flying above us no more than 50 feet away in Calgary Alberta.,2/22/2002,51.083333,-114.08333300000001
67,27040,2/17/2002 22:30,calgary (canada),ab,ca,circle,120,1-2 minutes,I looked out my window and there was a dancing circular object which then dissapered.,2/5/2003,51.083333,-114.08333300000001
68,27359,2/19/2007 16:00,edmonton (canada),ab,ca,circle,240,4 mins,The black ball then seems to go strait up and totally out of site.,8/7/2007,53.55,-113.5
69,27554,2/20/2008 20:00,jasper (canada),ab,ca,light,71,1:11,A strange&#44 colour changing&#44 swaying&#44 pulsing light during an eclipes of the moon in Jasper&#44 Alberta.  ((NUFORC Note:  Sirius??  PD)),3/4/2008,52.883333,-118.08333300000001
70,27684,2/21/2005 00:14,grande prairie (canada),ab,ca,cone,300,5 min.,Green Cone UFO,4/16/2005,55.166667,-118.8
71,27686,2/21/2005 13:00,edmonton (canada),ab,ca,cigar,2,a few seconds,them object moved speedily throught the sky to disapear to the north,5/11/2005,53.55,-113.5
72,27736,2/21/2011 00:45,calgary (canada),ab,ca,light,10,10 seconds,Calgary Orb streaming across the night sky&#44 disappearing into &quot;warp field&quot;,3/10/2011,51.083333,-114.08333300000001
73,28037,2/22/2004 21:30,edmonton (canada),ab,ca,formation,1800,30 minutes?,Orange Ball,3/2/2004,53.55,-113.5
74,28038,2/22/2004 22:30,calgary (canada),ab,ca,light,480,8 minutes,HBCCUFO CANADIAN REPORT:  Alternating blue&#44 red&#44 bright white&#44 dull white&#44 yellowish light.,3/17/2004,51.083333,-114.08333300000001
75,28544,2/25/2007 03:00,westlock (canada),ab,ca,,1800,half an hour,After years of living and working in the &quot;big city&quot; of Edmonton&#44 I came to live on  my parents&#39 farm in Westlock in 2004. In this relat,3/8/2007,54.15,-113.86666699999999
76,28550,2/25/2007 23:25,calgary (canada),ab,ca,circle,600,10 minutes,Again&#44 before going to bed at around&#44 while looking out our bedroom window which faces west&#44 but downtown Calgary is southwest from our,3/8/2007,51.083333,-114.08333300000001
77,28766,2/27/1997 17:23,stanmore (canada),ab,ca,sphere,15,15seconds,heading west to hanna ab hiway9 noticedan object at230.0 at about 20degress above horrizon object appeared to be aspherical shape  very,12/2/2000,51.583333,-111.516667
78,28827,2/27/2006 22:45,edmonton (canada),ab,ca,cigar,360,6 mins,two crafts&#44 one ontop of the other&#44 flying in a straight line away from my view&#44 with lights blinking in sequence&#44 over Edmonton Canada,3/11/2006,53.55,-113.5
79,28958,2/28/2004 18:10,st. albert (canada),ab,ca,sphere,900,15 min,Weather balloon doing some experiment?  Recorded the event with a telescope&#33,3/2/2004,53.633333,-113.63333300000001
80,29967,2/8/2011 20:38,kitscoty (canada),ab,ca,other,1500,20-25 min,Bright reddish stationary object sighted for approximately 20-25 minutes in Alberta Canada.,2/18/2011,53.333333,-110.33333300000001
81,30085,2/9/2004 20:30,calgary (canada),ab,ca,sphere,1800,30min,2 bright objects in the sky hovering and signaling each other.,2/12/2004,51.083333,-114.08333300000001
82,30483,3/11/2007 20:30,red deer (canada),ab,ca,sphere,3600,1hour-?,A spherical light appeared in the sky&#44 and has not moved.,4/27/2007,52.266667,-113.8
83,30497,3/11/2009 05:30,taber (canada),ab,ca,other,15,10 to 15 seconds,two very bright lights inside the big dipper enlarged in size then deminished within a second or 2,3/19/2009,49.783333,-112.15
84,30672,3/1/2005 00:00,calgary (canada),ab,ca,triangle,7200,long over 2 houers,stoped and then spann looking for close life forms i think then stoped and started swooping down,7/5/2005,51.083333,-114.08333300000001
85,31630,3/15/2003 01:00,edmonton (canada),ab,ca,triangle,5,5seconds at a time,Bright lights&#44 triangular object and a loud sound&#44 Don&#39t know if i am crazy?,5/27/2003,53.55,-113.5
86,31650,3/15/2004 15:42,calgary (canada),ab,ca,formation,120,1-2 minutes,Spherical White-Silver objects in formation seen over Western Calgary,7/5/2005,51.083333,-114.08333300000001
87,31875,3/16/2007 08:45,calgary (canada),ab,ca,circle,180,3 minutes+-,Fast hard high altitude maneuvers,4/27/2007,51.083333,-114.08333300000001
88,31990,3/17/1997 01:30,calgary (canada),ab,ca,triangle,180,3 minutes,Phoenix Lights observed in Calgary Canada 4 days after the initial sighting,12/12/2011,51.083333,-114.08333300000001
89,32101,3/17/2011 22:35,airdrie (canada),ab,ca,formation,10,10 seconds,Airdrie,3/23/2011,51.266667,-114.016667
90,32529,3/20/2005 18:00,jasper (canada),ab,ca,disk,300,5 minutes,Classic UFO Flying Saucer seen in Mountains near Jasper,3/11/2006,52.883333,-118.08333300000001
91,33589,3/26/2004 07:30,lethbridge (canada),ab,ca,sphere,510,8:30,I se what seems to be a star but looks like a plane lights so i keep looking and it is still in the same place for awhile i go outside,3/28/2004,48.366667,-53.86666700000001
92,34012,3/29/2004 20:45,edmonton (canada),ab,ca,formation,3,2-3 seconds,tight faint formation directly over Edmonton&#44 AB Canada. Going NNW.,4/9/2004,53.55,-113.5
93,34014,3/29/2004 21:30,nanton (north of) (canada),ab,ca,light,600,10 minutes,On March 29th 2004 I saw a bright light in the sky ....got a little video too&#33,4/9/2004,50.35,-113.766667
94,34060,3/29/2010 20:45,calgary (canada),ab,ca,light,10,10 seconds,7-8 UFO&#39s and a pterodactyl sighting.,4/13/2010,51.083333,-114.08333300000001
95,34647,3/4/2004 20:00,edmonton (canada),ab,ca,other,5,5 secs,white LIGHT lasted 5 seconds,3/9/2004,53.55,-113.5
96,34792,3/5/2005 17:30,calgary (ne of) (canada),ab,ca,sphere,120,2 minutes,2 foot  ball of solid yellow light  passed me four feet away and six feet off the ground.no sound or heat,5/11/2005,51.083333,-114.08333300000001
97,34886,3/5/2013 16:30,edmonton (canada),ab,ca,rectangle,120,2 minutes,I was on a WestJet flight 325 from Toronto to Edmonton&#44 i always get a window seat because im always amazed by the view while flying so,5/15/2013,53.55,-113.5
98,35838,4/11/2002 22:30,calgary (canada),ab,ca,unknown,2700,45 min.,A red and green flashing light hovering in the sky for about 45min.,4/25/2002,51.083333,-114.08333300000001
99,35879,4/11/2007 08:00,calgary (canada),ab,ca,changing,7200,2 hours,Multiple shape object over Calgary&#44 Alberta&#44 Canada.,4/27/2007,51.083333,-114.08333300000001
100,36326,4/12/2007 22:47,calgary (canada),ab,ca,egg,2,<2 seconds,small object from SW to N. 30-35 degress above the horizon - dispersed into 9 -12 egg-shaped low luminous objects (<2seconds),4/27/2007,51.083333,-114.08333300000001
101,36346,4/12/2009 01:00,edmonton (canada),ab,ca,sphere,10,10 seconds,Blue lights seen dancing in the clouds over downtown Edmonton,4/14/2009,53.55,-113.5
102,36553,4/13/2014 00:00,high prairie (canada),ab,ca,sphere,180,2-3 minutes,A large bright&#44 ball shaped object in the sky&#44 that sits stationary sometimes.,4/18/2014,55.433333,-116.483333
103,36627,4/14/2004 23:00,calgary (canada),ab,ca,light,2,seconds,I saw four very bright lights that were close together&#44 touching ech other in fact&#44 so I knew it was not a plane. The lights had an aur,4/27/2004,51.083333,-114.08333300000001
104,36798,4/15/1973 21:30,cold lake (canada),ab,ca,light,10800,3hrs,Strange lights,5/15/2006,54.465,-110.18305600000001
105,36989,4/15/2005 00:00,sylvan lake (canada),ab,ca,triangle,30,30 seconds,The object moved Fast. In a westerly direction it was low&#44 no sound.,4/16/2005,52.3,-114.08333300000001
106,37555,4/18/2003 01:00,calgary (canada),ab,ca,unknown,120,2 minutes,i was comming home from work and i was walking my usual route home at around 1 am.As i came out of an alley to transfer to another,5/9/2003,51.083333,-114.08333300000001
107,37563,4/18/2004 12:00,calgary (canada),ab,ca,oval,10,10 seconds,I have no summary,9/2/2005,51.083333,-114.08333300000001
108,37746,4/19/2006 22:20,fort mcmurray (canada),ab,ca,triangle,120,aprox 2min,On april 19th my girlfriend and were in the house when we decided to go out for a cigarette. We  went out the back and i looked up over,5/15/2006,56.733333,-111.38333300000001
109,37747,4/19/2006 22:50,morinville (canada),ab,ca,other,180,2-3 minutes,Orange / yellow glowing wings with no persivible fuselage no sound.,5/15/2006,53.8,-113.65
110,37939,4/20/2005 16:00,calgary (canada),ab,ca,circle,600,10 min.,A bright circle traveling in the daytime. First South and then another one two hours later traveling North.,7/5/2005,51.083333,-114.08333300000001
111,38573,4/22/2014 00:26,grande prairie (canada),ab,ca,triangle,4,4 seconds,Lopsided Triangular Set of Lights travelling in unisom from east to west across the night sky.,4/24/2014,55.166667,-118.8
112,39027,4/25/2005 22:15,whitecourt (canada),ab,ca,flash,240,3-4 mins,I took a minute to watch the star&#39s before heading in for the night. ((NUFORC Note:,5/11/2005,54.133333,-115.683333
113,39342,4/27/2005 23:00,whitecourt (canada),ab,ca,unknown,5,5 sec,I saw what appeared to me as two reddish&#44 dimly glowing lights travelling at high rate of speed in a northerly direction.,5/24/2005,54.133333,-115.683333
114,39967,4/30/2014 23:45,edmonton (canada),ab,ca,triangle,900,15 minutes,Pinkish verticle beam of light. 2 bright pulsating orbs and then a triangular shaped object with a hollow centre. Completely silent,5/2/2014,53.55,-113.5
115,40171,4/4/2004 22:00,calgary (canada),ab,ca,light,6,6 seconds,HBCCUFO CANADIAN REPORT:  Three red lights quickly.,4/9/2004,51.083333,-114.08333300000001
116,40271,4/4/2014 21:40,calgary (canada),ab,ca,other,120,~2 minutes,2 and shortly after 4 semi-reflective &#39orbs&#39&#44  swept the sky from east to west.  They were white/grey.,4/11/2014,51.083333,-114.08333300000001
117,40860,4/8/2006 21:38,calgary (canada),ab,ca,triangle,1380,23 minutes,Vertically oriented boomerang shaped object observed over city.,4/27/2007,51.083333,-114.08333300000001
118,41110,4/9/2013 01:00,nisku (canada),ab,ca,cigar,10,10 seconds,Long narrow cigar type object without wings or lights in sky at nights,4/12/2013,53.333333,-113.53333300000001
119,41225,5/10/2004 00:00,edmonton (canada),ab,ca,unknown,40,30-40 seconds,Looking for what i saw i found this site on the internet 5-7 green [lime] and red [huge]&#44 huge oval type shape lights traveling from th,6/4/2004,53.55,-113.5
120,41226,5/10/2004 00:30,edmonton (canada),ab,ca,formation,10,5-10sec,3 or 4 orange round lights with tails in the front&#44 2 in middle&#44 and 3 or 4 in the back.,6/4/2004,53.55,-113.5
121,41227,5/10/2004 00:30,edmonton (canada),ab,ca,formation,10,5-10sec,lights in the north,6/4/2004,53.55,-113.5
122,41228,5/10/2004 00:37,edmonton (canada),ab,ca,formation,20,20 seconds,Silent&#44 fast&#44 low traveling lights fly over Edmonton Sunday night,5/10/2004,53.55,-113.5
123,41229,5/10/2004 00:45,edmonton (canada),ab,ca,formation,20,20 seconds,7 objects travelling VERY FAST&#44 changing postions&#44 travelling in formation&#44 and creating no noise.,5/10/2004,53.55,-113.5
124,41337,5/11/1999 09:00,cold lake (canada),ab,ca,triangle,30,30 seconds,((HOAX.  Note flawed date.))   UFO SEEN OVER COLD LAKE,10/30/2006,54.465,-110.18305600000001
125,41752,5/1/2010 23:30,edson (canada),ab,ca,flash,900,about 15 minutes each tim,Multicolored UFO seen over Edson Alberta Twice,6/3/2010,53.583333,-116.41666699999999
126,41869,5/12/2002 01:40,red deer (canada),ab,ca,triangle,6,6 seconds,The most beautiful experience of my life&#44 a ufo closer then I could have ever imagined&#33,7/26/2002,52.266667,-113.8
127,41893,5/12/2004 23:11,calgary (55km outside) (canada),ab,ca,cigar,300,5 min,cigar shaped glowed green and then changed to red flown to the east in zig zags approx 12,3/13/2012,51.083333,-114.08333300000001
128,41941,5/12/2010 21:55,calgary (canada),ab,ca,light,1,1 second,Two bright green lights traveling west over our home&#44 one bigger than the other&#44 appeared to be descending. They could have been firewo,6/3/2010,51.083333,-114.08333300000001
129,42625,5/15/2009 00:45,pincher creek (canada),ab,ca,other,180,3 mins.,Star-Like Yellow Light Faded to Black,6/9/2009,49.483333,-113.95
130,42838,5/17/1999 00:17,calgary (canada),ab,ca,other,1500,25 minutes,i saw a light &#44 watched for about 25 min&#44 then passed out&#44 came to 3 hours later.,12/5/2001,51.083333,-114.08333300000001
131,43193,5/19/2008 03:30,edmonton (canada),ab,ca,light,1200,10-20 minutes,Bright star like object moves across sky in strange patterns 3:30 am in edmonton.,6/12/2008,53.55,-113.5
132,43292,5/20/1979 01:00,cold lake (canada),ab,ca,formation,45,45 seconds,v formation of lights in outer space turning 90 degrees,5/15/2006,54.465,-110.18305600000001
133,43544,5/21/2003 02:00,stony plain (canada),ab,ca,light,15,10-15 seconds,Bright pulsating light&#44 moving quickly and erratically.,5/27/2003,53.533333,-114.0
134,43881,5/22/2009 23:30,calgary (canada),ab,ca,disk,240,4 min,At about 11:30 pm &#44 I was sitting in my chair on the deck outside relaxing and watching the sky .   When all of a sudden to the right o,8/24/2010,51.083333,-114.08333300000001
135,43902,5/22/2011 02:30,lethbridge (canada),ab,ca,diamond,300,3-5 mins not sure,((HOAX??))  North of lethbridge alberta,5/29/2011,48.366667,-53.86666700000001
136,43988,5/23/2004 23:30,edmonton (canada),ab,ca,other,20,20 seconds,silent booerang object flying very low and fast,6/4/2004,53.55,-113.5
137,44594,5/27/2004 23:00,cold lake (canada),ab,ca,light,600,10 minutes,It looked like a star and the it started to move all over the place&#44 and eventually went so high up I couldn&#39t see it anymore.,6/18/2004,54.465,-110.18305600000001
138,46103,5/7/2009 05:30,edmonton (canada),ab,ca,light,600,about 10 minutes,A bright light illuminated my window,2/14/2010,53.55,-113.5
139,46192,5/8/2004 00:45,conklin (canada),ab,ca,triangle,180,3 min,16 lights,6/4/2004,55.6325,-111.082778
140,46374,5/9/2008 00:00,fort mcmurray (canada),ab,ca,diamond,75,1:15,i dont even know what we saw&#44 but they were fast and traveled in packs,6/12/2008,56.733333,-111.38333300000001
141,46403,5/9/2010 02:10,edmonton (canada),ab,ca,fireball,8,8 secs,Fireball streaks across night sky&#44 makes right angle turn and disappears.,5/12/2011,53.55,-113.5
142,46582,6/10/2005 01:00,edmonton (canada),ab,ca,other,20,20 seconds,Four lights of UFO in sky&#44 moving slowly&#44 changing directions&#44 flies off.,9/2/2005,53.55,-113.5
143,47222,6/1/1978 01:00,calgary (west of) (canada),ab,ca,circle,180,2-3 min,fierey wheel seen over canadian rockies.,2/1/2007,51.083333,-114.08333300000001
144,47278,6/1/1980 01:00,calgary (canada),ab,ca,circle,900,15 min,sitting in my car 20 miles outside calgary waiting for collen to change his tire on his van as i was waiting looked up in the sky at th,1/11/2002,51.083333,-114.08333300000001
145,48218,6/13/2001 01:15,edmonton (canada),ab,ca,flash,5,5 seconds,bright green light changes direction towards earth then is gone.,8/5/2001,53.55,-113.5
146,48661,6/15/1966 21:00,edmonton (canada),ab,ca,light,600,10 minutes,Observation in late evening of UFO performing rapid manuvers over city for 10 minutes,4/16/2005,53.55,-113.5
147,48868,6/15/1980 24:00,edmonton (canada),ab,ca,formation,300,5 min,Objects &amp; Beams of Light in Symetrical Pattern Fly across the sky.,3/2/2004,53.55,-113.5
148,48922,6/15/1984 23:00,calgary (canada),ab,ca,disk,14400,4 hours,Its been along time however i believe it was in the summer of 1984 or 1985. At around 2300 hours I was working with my partner patrolin,9/19/2002,51.083333,-114.08333300000001
149,49136,6/15/1999 00:00,sherwood park (canada),ab,ca,light,120,2 min,Sherwood Park (southeast area),2/8/2005,53.516667,-113.316667
150,49460,6/15/2013 22:00,innisfail (canada),ab,ca,light,240,4 min,Two bright objects starting as what looked like one stationary dim round light. It started to move across the sky and then a second one,9/9/2013,52.033333,-113.95
151,49797,6/17/2011 14:00,calgary (canada),ab,ca,sphere,6300,45min/1 hr,Four spherical orbs seen high in the sky&#44 including 4 tiny white craft fly from one of the orbs.,5/15/2013,51.083333,-114.08333300000001
152,50128,6/19/2005 21:45,cardston (canada),ab,ca,disk,240,4 minutes,Seen out of vehicle&#44 observed with binoculars&#44 had 2 bright lights that never flashed&#44 no stream in backend&#44 same speed of a usual airp,6/20/2005,49.2,-113.316667
153,50544,6/20/2012 22:45,edmonton (canada),ab,ca,changing,240,4 minutes,One object&#44 blob shaped&#44 fire on port side&#44 silent&#44in view 4 minutes-went dark&#44turned grey then black&#44 06/20/12&#44 22:45ish,7/4/2012,53.55,-113.5
154,50673,6/21/2007 24:00,edmonton (canada),ab,ca,circle,900,15 minutes,A HUGE U.F.O..,5/15/2013,53.55,-113.5
155,50811,6/2/2003 01:00,calgary (canada),ab,ca,triangle,30,30 seconds?,Shape shifting object,1/22/2004,51.083333,-114.08333300000001
156,51006,6/22/2004 22:30,red deer (canada),ab,ca,light,300,5 min.,It was late June&#44  I was out on the balcony of my apartment which faces East.  I could view the night sky from northeast to southeast.,10/30/2006,52.266667,-113.8
157,51177,6/23/1985 04:00,hinton (canada),ab,ca,other,40,40 sec.,Five seperate crafts ziping north in Hinton Alberta,3/21/2003,53.4,-117.58333300000001
158,51236,6/23/2004 01:00,edmonton (canada),ab,ca,light,7200,2 hours,4 lights gathered together and moved in patterns in the Canadian sky&#44 Edmonton Alberta,6/23/2004,53.55,-113.5
159,51657,6/25/2000 00:01,trochu (near) (canada),ab,ca,other,90,90 seconds,Not an fixed or rotary wing aircraft carrying out authorized flight.,12/2/2000,51.833333,-113.233333
160,51659,6/25/2000 00:45,calgary (canada),ab,ca,unknown,45,45 sec,BRIGHT LIGHT TRACKS FROM WEST TO EAST IN SOLID OVERCAST,7/11/2000,51.083333,-114.08333300000001
161,51688,6/25/2002 01:01,edmonton (canada),ab,ca,other,10,7-10 seconds,These things moved like nothing I&#44ve ever seen before.,7/1/2002,53.55,-113.5
162,52234,6/28/2000 15:50,sherwood park (canada),ab,ca,circle,600,3:50-4:00,Big round object&#44 glowing yellow with green/red background behind&#44 moving in horizontal wavy motions in west sky .,7/1/2002,53.516667,-113.316667
163,52381,6/28/2013 13:20,calgary (canada),ab,ca,sphere,300,5 minutes,Very high silver sphere moving very slowly beside the sun during the day (around 20 people watching with me).,7/3/2013,51.083333,-114.08333300000001
164,52944,6/30/1999 06:00,hinton (canada),ab,ca,other,3600,1 hour,Looks like a bright light in the night sky.((NUFORC Note:  We are experiencing difficulty obtaining detailed information.  PD)),2/8/2011,53.4,-117.58333300000001
165,52947,6/30/1999 22:50,lethbridge (northwest of about 12 miles) (canada),ab,ca,oval,300,five minutes,While driving home from work I saw what I first thought was a blue pulsing police roof light; on second look I realized it was much too,12/2/2000,48.366667,-53.86666700000001
166,53259,6/30/2013 22:00,innisfail (canada),ab,ca,light,240,4 minutes,Two bright objects starting as what looked like one stationary dim round light. It started to move across the sky and then a second one,8/30/2013,52.033333,-113.95
167,53744,6/5/2013 00:21,canmore (canada),ab,ca,circle,180,3 minutes,Black disk shaped object moved across the night sky with 3 bright white central lights and visible outer halo/aura,7/3/2013,51.1,-115.35
168,53775,6/6/1963 16:00,calgary (east of) (canada),ab,ca,cigar,120,several minutes,I noticed a long silvery cigar shaped object,6/4/2004,51.083333,-114.08333300000001
169,53921,6/6/2007 03:30,edmonton (canada),ab,ca,unknown,15,10 - 15 seconds,intensely bright&#44 unmoving object suddenly goes dim,8/7/2007,53.55,-113.5
170,54007,6/6/2012 23:35,taber (canada),ab,ca,fireball,120,2 minutes,Bright white ball of light observed moving in southern Alberta skies.,6/20/2012,49.783333,-112.15
171,54584,6/9/2013 23:00,brooks (canada),ab,ca,sphere,90,1:30,We thought it&#39s a Star but it is a moving Star. spinning&#44 fast&#44 slow&#44 stop&#44 wavy moving look like star,7/3/2013,50.566667,-111.9
172,54927,7/11/2002 00:01,cold lake (canada),ab,ca,light,360,06 min,bright light silently travelling from north to east various altitude.,7/26/2002,54.465,-110.18305600000001
173,54985,7/11/2006 21:45,grande prairie (canada),ab,ca,fireball,900,15mins,When i first seen it&#44 it was a red firey ball with a long tail at the end .After it hit the clouds it came out the other side seeming t,10/30/2006,55.166667,-118.8
174,55017,7/11/2009 17:00,edmonton (canada),ab,ca,diamond,12,10-12 seconds,Black shaped object seen over blue skys of Alberta.,12/12/2009,53.55,-113.5
175,55814,7/12/2008 23:35,calgary (canada),ab,ca,unknown,10,5 to 10 seconds,Intensely bright white stationary light in the night sky.,8/12/2008,51.083333,-114.08333300000001
176,56527,7/15/1967 12:00,calgary (canada),ab,ca,sphere,300,5 min,Daylight sighting of metallic sphere over golf course in Calgary&#44 Alberta in Summer of late 1960&#39s.,4/13/2010,51.083333,-114.08333300000001
177,56658,7/15/1978 01:00,st. albert (canada),ab,ca,light,1200,20 minutes,This event happened many years ago; however&#44 I felt compelled to write about it as to this day&#44 I still think about it.  At the time&#44 I,8/11/2004,53.633333,-113.63333300000001
178,56871,7/15/1998 03:00,taber (canada),ab,ca,triangle,10,10 seconds,&quot;Huge&quot;gray triangle with dim&#44 white&#44 red and blue lights on it. It hovered&#44 and shook the house&#44 gone instantly.,2/22/2005,49.783333,-112.15
179,56903,7/15/1999 22:00,gull lake (canada),ab,ca,light,180,2-3 minutes,Bright light in night sky over Gull Lake. AB,5/24/2005,50.1,-108.483333
180,57027,7/15/2003 21:30,edmonton (canada),ab,ca,triangle,180,3 minutes,Two triangular craft,1/22/2004,53.55,-113.5
181,57117,7/15/2006 23:30,didsbury (canada),ab,ca,unknown,60,60 seconds,Star like moving object that flashes irregularly and intensifies it illumination greatly.,10/30/2006,51.666667,-114.13333300000001
182,57634,7/17/2009 24:00,edmonton (canada),ab,ca,unknown,30,30 seconds,blue lighted craft flying over edmonton,8/5/2009,53.55,-113.5
183,57732,7/18/1988 01:00,calgary (canada),ab,ca,unknown,420,6 or 7 minutes,We noticed a strange looking light in the sky.  At first we thought it was some kind of advertising.  It was hard to determine the shap,12/2/2000,51.083333,-114.08333300000001
184,57733,7/18/1990 07:00,red deer (canada),ab,ca,light,20,approx; 20 seconds,HBCCUFO CANADIAN REPORT:  Object traveled back on itself.,3/17/2004,52.266667,-113.8
185,57791,7/18/2003 23:50,calgary (canada),ab,ca,other,5,5 seconds,i was with a friend&#44 suddenly i was with some strangers with bright white lights.,7/23/2003,51.083333,-114.08333300000001
186,57841,7/18/2008 20:30,calgary (canada),ab,ca,circle,600,10 mins?,It was  round and red and  would emit fire like flares and travelled slowly but surely.,8/12/2008,51.083333,-114.08333300000001
187,57884,7/18/2009 23:40,stirling (canada),ab,ca,,90,1.5 minutes,4 witnesses to group of objects sighted  in Southern Alberta&#44 Canada&#44 traveling SE toward Great Falls&#44 MT,8/5/2009,44.3,-77.55
188,58093,7/19/2008 22:21,cochrane (canada),ab,ca,light,120,app. 2 min,Very large&#44 bright satellite of unknown origin,8/12/2008,49.066667,-81.016667
189,58614,7/21/2007 19:00,slave lake (canada),ab,ca,disk,60,1 min,It was nothing like anything we had ever seen&#44 it was small though&#44 and blackish&#44 shiny&#44 it flew wobbly..,8/7/2007,55.283333,-114.78333300000001
190,58803,7/2/2005 03:00,lloydminster (canada),ab,ca,oval,3600,1 hour,3 oval objects moved oround the sky in a search pattern over time one decended downward.,7/5/2005,53.283333,-110.0
191,58955,7/22/1994 22:30,coaldale (canada),ab,ca,oval,900,15 mins.,My cousin and I were walking home after a late fishing trip. We turned down a road that reconnected with the river&#44 leading into town.,12/2/2000,49.733333,-112.61666699999999
192,59002,7/22/2003 00:20,lethbridge (canada),ab,ca,triangle,5,5 seconds,HBCCUFO CANADIAN REPORT:  Two triangle shaped flying objects.,7/23/2003,48.366667,-53.86666700000001
193,59194,7/23/2002 14:30,st. albert (canada),ab,ca,other,300,5 minutes,4 Black squares that met in the sky&#44 then suddenly disappeared.,5/27/2003,53.633333,-113.63333300000001
194,59379,7/24/1999 03:15,edmonton (canada),ab,ca,triangle,120,2minutes,I was having my morning coffee and loooking at the sky for a satellite that passes by every night around that time when i noticed the s,12/2/2000,53.55,-113.5
195,59441,7/24/2007 00:00,calgary (canada),ab,ca,sphere,120,2 min,Orange like sphere flying around eratically right over 17 AVE (lower mount royal area),8/7/2007,51.083333,-114.08333300000001
196,59494,7/24/2010 00:00,calgary (canada),ab,ca,formation,120,1-2 min.,One light trailing another much slower than satellites at high altitide overhead.,8/24/2010,51.083333,-114.08333300000001
197,59502,7/24/2010 12:55,calgary (canada),ab,ca,other,180,3 minutes,Birds dont fly then vanish in a ripple of light and energy.,11/21/2010,51.083333,-114.08333300000001
198,59664,7/25/2004 20:00,busby (canada),ab,ca,disk,45,45 seconds,High speed saucer shaped object spotted over Northern Alberta Canada,8/11/2004,53.95,-113.9
199,59686,7/25/2007 19:15,sherwood park (canada),ab,ca,sphere,120,2 minutes,One small completely stationary sphere observed for 2 mins until clouds cover rolled in.  Appeared to be light grey/white and very high,8/7/2007,53.516667,-113.316667
200,59732,7/25/2009 11:55,stettler (canada),ab,ca,unknown,3,2-3 seconds,2 very fast flying lights,8/5/2009,52.333333,-112.683333
201,59855,7/26/1998 24:00,cold lake (canada),ab,ca,light,120,2 mins,Large Manoeuvring Light which quickly accelerated out of sight,12/2/2000,54.465,-110.18305600000001
202,60056,7/27/1997 22:00,athabasca (canada),ab,ca,disk,10800,3 hours,Me and family were driving home from town...it was just before dusk and we spotted a large bright light sitting in the west sky. It was,12/2/2000,54.716667,-113.266667
203,60210,7/27/2011 00:19,fort mcmurray (canada),ab,ca,disk,18,0:19- 0:37,Red and white huvering lights over Fort Mcmurray&#44 Alberta.,8/7/2011,56.733333,-111.38333300000001
204,60523,7/29/1987 01:30,edmonton (canada),ab,ca,triangle,180,3 minutes,large black triangular shape had three lights red&#44 white and blue&#44 hovered a few minutes&#44 no sound&#8230;,5/12/2011,53.55,-113.5
205,60672,7/29/2012 02:30,devon (canada),ab,ca,light,10800,3 hours,Saw 3 bright lights and 2 smaller lights in the sky with strange zig zag moving patterns&#44. ((NUFORC Note:  Planets in E sky.  PD)),8/5/2012,53.366667,-113.733333
206,60804,7/30/2003 23:50,airdrie (canada),ab,ca,light,10,10 seconds,HBCCUFO CANADIAN REPORT:  Pulsating a bright blue white light.,8/1/2003,51.266667,-114.016667
207,60825,7/30/2005 23:40,innisfail (canada),ab,ca,triangle,35,35 secs,Two different crafts sighted in the same night by two people,10/11/2005,52.033333,-113.95
208,61403,7/3/2010 23:15,cochrane (canada),ab,ca,other,300,5 minutes,Two UFO lights&#44 one large&#44 one small fly over Cochrane&#44 Alberta&#44 Canada (07/03/2010),7/6/2010,49.066667,-81.016667
209,61404,7/3/2010 23:30,caroline (canada),ab,ca,diamond,240,4 minutes,bright diamond shaped light chased by tiny light,7/6/2010,52.083333,-114.75
210,61406,7/3/2010 23:32,caroline (canada),ab,ca,formation,300,5 min,not sure what it was?,7/10/2010,52.083333,-114.75
211,63110,7/6/2002 01:30,edmonton (canada),ab,ca,disk,10,10 seconds,Huge&#44 motionless craft hovers silently above an army base,7/26/2002,53.55,-113.5
212,63993,7/9/2006 00:00,calgary (canada),ab,ca,circle,7200,2 hours,Three lights circling one another.  ((NUFORC Note:  Possible advertising lights.  PD)),7/16/2006,51.083333,-114.08333300000001
213,64122,8/10/1972 13:00,nanton (canada),ab,ca,unknown,120,1 to 2 minutes,Flaming object&#44 travelling slowly at low altitude on a horizontal path from north to south.,4/27/2004,50.35,-113.766667
214,64139,8/10/1980 02:30,edmonton (canada),ab,ca,light,300,5 minutes,Object seen manuvering around the area of Namaeo Airforce base from the vehicle I was a  a passenger in. Estimated range was about 5 ki,5/24/2005,53.55,-113.5
215,64171,8/10/1994 15:00,gull lake (canada),ab,ca,triangle,4,4 seconds,A black triangle spun out of a billowing line of smoke and stopped dead&#44then took off at incredible speed.,5/9/2003,50.1,-108.483333
216,64441,8/10/2013 22:00,lethbridge (canada),ab,ca,triangle,3600,1 hour,Footsteps heard on the roof and triangular object with lights in the night sky.,8/30/2013,48.366667,-53.86666700000001
217,65069,8/1/2005 01:00,calgary (canada),ab,ca,oval,120,2 mins,3-lighted&#44 catepiller-like object over Calgary.,9/2/2005,51.083333,-114.08333300000001
218,65244,8/12/1981 14:00,medicine hat (canada),ab,ca,triangle,90,1min30 sec,5 bright lights seen in medicine hat&#44 alta. in the mid afternoon in 1980-1981,9/15/2005,50.033333,-110.683333
219,65369,8/12/2004 00:00,didsbury (canada),ab,ca,triangle,12,12 seconds,Triangle shaped object witnessed in Alberta near Calgary,8/24/2004,51.666667,-114.13333300000001
220,65370,8/12/2004 00:00,didsbury (canada),ab,ca,triangle,15,10-15 seconds,At Midnight&#44 both my husband an I were outside gazing at stars when we noticed a large triangular object with a pattern of 5 lights. Th,8/24/2004,51.666667,-114.13333300000001
221,66316,8/15/1984 19:00,ardrossan (canada),ab,ca,oval,259200.0,2-3 days,Some time in the summer of 1984&#44I was living on an acerage outside of ardrossan&#44alberta.I was about 10 years old and was getting ready,12/2/2000,53.55,-113.13333300000001
222,66380,8/15/1993 00:01,lethbridge (alberta) (canada),ab,ca,,25.0,15-25 sec.,Peter We just got this report sent to us.The witness observed this back in 1993 but I thought is was unusual when the witness says it w,4/27/2004,48.366667,-53.86666700000001
223,67427,8/18/2003 02:30,airdrie (canada),ab,ca,other,120.0,approx: 2 minutes,HBCCUFO CANADIAN REPORT:  Daylight sighting&#44 light changed into a craft.,9/28/2003,51.266667,-114.016667
224,67731,8/19/2006 08:00,edmonton (canada),ab,ca,rectangle,300.0,5 min,Silver colored rectangle with yellow glow on top 1/8 spotted over Edmonton&#44 AB&#44 Canada,2/1/2007,53.55,-113.5
225,67948,8/20/1997 22:30,camrose (1.5 km north) (canada),ab,ca,light,3600.0,1 hour,3 stalite looking oblects very high alltitiude.flying in a triangle formation&#44 watched fo about ...5 hour when they changed direction.,12/2/2000,53.016667000000005,-112.816667
226,67953,8/20/1998 14:00,grande prairie (canada),ab,ca,unknown,180.0,3 minutes,While flying my R/C plane I noticed a nearly invisible craft flying very high above my model.,5/24/2005,55.166667000000004,-118.8
227,68300,8/21/2003 02:30,cochrane (north of) (canada),ab,ca,light,2700.0,45 minutes,Shape shifting light in sky in remote forest location,5/24/2005,49.066666999999995,-81.016667
228,68421,8/21/2009 23:00,sherwood park (canada),ab,ca,light,1800.0,30 min +,Four lights above the clouds moving silently in large circles like small planes searching.  ((NUFORC Note:  Advertising lights?  PD)),8/27/2009,53.516667000000005,-113.316667
229,68653,8/2/2010 01:50,lacombe (canada),ab,ca,flash,10.0,10 seconds,bright blue flash followed by long blue streak,8/24/2010,52.466667,-113.733333
230,68913,8/22/2012 04:00,hondo (canada),ab,ca,disk,4.0,4 seconds,Symmetrical.,5/15/2013,55.066667,-114.03333300000001
231,69004,8/23/2003 01:20,airdrie (canada),ab,ca,unknown,7200.0,approx: 2 hours,HBCCUFO CANADIAN REPORT:  I had a tel. call from a couple  in Airdrie&#44 AB&#44 and they have informed me that they saw a very strange obj..,9/28/2003,51.266667,-114.016667
232,69271,8/24/2005 22:00,edmonton (canada),ab,ca,triangle,60.0,30-60 seconds,It had Smaller Orange/Red colored V&#39s outlining the main wedge shape. It moved Quickly and Silently.,11/28/2007,53.55,-113.5
233,69542,8/25/2005 19:00,edmonton (canada),ab,ca,other,45.0,30-45s,I thought it was a star&#44 then a satelitte-but by its sudden shot out to the right I knew it was something else,5/15/2006,53.55,-113.5
234,69610,8/25/2010 23:00,red deer (canada),ab,ca,fireball,120.0,2 minutes,Round circular UFO with bright orange lights close to the ground at night.,8/30/2010,52.266667,-113.8
235,69797,8/26/2006 22:45,edmonton (canada),ab,ca,chevron,2.0,few seconds,Helicopter altitude;highspeed;7-8 boomerang-shaped objects glowstick-like in V or L formation;part of a larger transparent object,10/30/2006,53.55,-113.5
236,69845,8/26/2011 00:15,pincher creek (canada),ab,ca,circle,120.0,approx 2 minutes,Bright white light&#44 seen moving across treeline&#44 while camping in rocky mountains.,10/10/2011,49.483333,-113.95
237,69933,8/27/2001 22:50,edmonton (canada),ab,ca,fireball,2.0,2 seconds,A green ball of light.,10/12/2001,53.55,-113.5
238,70149,8/28/1998 15:00,grande prairie (canada),ab,ca,triangle,50.0,50 seconds,...we looked up to see a small triangular shaped object traveling at very high speed.,5/24/2005,55.166667000000004,-118.8
239,70219,8/28/2005 00:30,fort mcmurray (canada),ab,ca,formation,1800.0,30 mins to hour,Formations of red lights flying across night sky.,9/2/2005,56.733332999999995,-111.38333300000001
240,70392,8/29/2002 23:10,calgary (canada),ab,ca,cigar,900.0,15 minutes,I have about 5 pictures of the object.,2/25/2003,51.083333,-114.08333300000001
241,70453,8/29/2009 03:30,devon (canada),ab,ca,circle,5.0,5 seconds,bright green light above Devon&#44 Ab. stopping in the sky veering left &amp; right then out of sight fast.,12/12/2009,53.36666700000001,-113.733333
242,71272,8/3/2013 21:45,cheadle (canada),ab,ca,rectangle,600.0,10 minutes,Large red orb shape shifting to smaller orange orb then a Cresent then to a black rectangular object.,10/14/2013,51.016667,-113.53333300000001
243,71336,8/4/2002 00:01,edmonton (canada),ab,ca,disk,30.0,30 seconds,Small disk with blue light,8/16/2002,53.55,-113.5
244,71434,8/4/2010 01:40,edmonton (canada),ab,ca,formation,20.0,flyby approx 20 sec.,5 lights&#44 jockeying around to make rectangle&#44 triangle&#44 circle and straight line formations travelling east,8/24/2010,53.55,-113.5
245,71628,8/5/2005 23:00,calgary (canada),ab,ca,unknown,5.0,5 seconds,2 bright lights moving fast and erratically,9/2/2005,51.083333,-114.08333300000001
246,71823,8/6/2003 01:00,banff (canada),ab,ca,cross,3600.0,over an hour,((NUFORC Note:  Mars sighting?))  Curious bright pulsing light.,8/28/2003,51.166667,-115.566667
247,72509,8/8/2012 22:59,calgary (canada),ab,ca,light,90.0,1.5 minutes,Satelitte-type ufo disappearing and reappearing,8/19/2012,51.083333,-114.08333300000001
248,72649,8/9/2006 24:00,calgary (canada),ab,ca,circle,2.0,seconds,July\Aug\Sept-06.White lights over Calgary. strang thing in field,10/30/2006,51.083333,-114.08333300000001
249,72859,9/10/2003 21:50,calgary (canada),ab,ca,triangle,5.0,4 to 5 seconds,Three bright lights moving in a triangle formation in a low altitude,9/12/2003,51.083333,-114.08333300000001
250,72906,9/10/2006 23:50,cherry grove (canada),ab,ca,triangle,3600.0,30-60mins+,Sighting in Canada: Rural Area,3/19/2009,54.355,-110.08
251,73030,9/10/2013 23:00,edmonton (canada),ab,ca,unknown,15.0,15 seconds,Blue streak in night sky,9/30/2013,53.55,-113.5
252,73684,9/1/2010 22:40,airdrie (canada),ab,ca,light,15.0,15 seconds,Bright light moving across the sky over Airdrie&#44 Alberta&#44 Canada.,11/21/2010,51.266667,-114.016667
253,73904,9/12/2004 23:10,westlock (canada),ab,ca,triangle,15.0,15 seconds at most,The craft seemed to be darker in color&#44 possibly grey/black&#44 or a charcoal color but stood out from the color of the clear night sky,9/29/2004,54.15,-113.86666699999999
254,73971,9/12/2009 22:00,calgary (canada),ab,ca,light,90.0,90 seconds,bright light shot upwards in sky,12/12/2009,51.083333,-114.08333300000001
255,74066,9/13/1998 22:00,calgary (canada),ab,ca,circle,20.0,15-20 secs,6 or 7 circular objects flying in triagular formation,10/12/2001,51.083333,-114.08333300000001
256,74067,9/13/1998 22:00,calgary (canada),ab,ca,formation,60.0,1 minute,red and green circles in a V formation,6/12/2002,51.083333,-114.08333300000001
257,74313,9/14/2001 17:30,calgary (canada),ab,ca,circle,300.0,5 min.,Round shiny object with flashing light or revolving in the sunlight crossed behind passenger jet.,10/12/2001,51.083333,-114.08333300000001
258,74323,9/14/2002 03:00,leduc (canada),ab,ca,triangle,60.0,60 seconds,Nightime Residential low flying black triangle captured on video.,9/19/2002,53.266667000000005,-113.53333300000001
259,74529,9/15/1960 21:30,barrhead (canada),ab,ca,other,1200.0,20 minutes,HBCCUFO CANADIAN REPORT:  Daddy&#44 there is a stop light sitting in the grain field.,8/28/2003,54.11666700000001,-114.4
260,74632,9/15/1983 22:00,holden (canada),ab,ca,oval,30.0,20-30 seconds,Small white light makes 90 degree turn in sky.,4/27/2004,53.233332999999995,-112.233333
261,74693,9/15/1996 16:00,vegreville (canada),ab,ca,cylinder,1800.0,approx: 30 minutes,HBCCUFO CANADIAN REPORT:  Golden cylinder was pacing our vehicle.,8/1/2003,53.5,-112.05
262,74843,9/15/2003 23:20,airdrie (canada),ab,ca,circle,30.0,30 seconds,HBCCUFO CANADIAN REPORT:  Large ring of white lights.,12/9/2003,51.266667,-114.016667
263,75163,9/16/2008 18:30,spruce grove (canada),ab,ca,light,600.0,ten minutes,My observation of colored&#44 star-size lights near the horizon while leaving in the morning for work.  ((NUFORC Note:  Stars??  PD)),10/31/2008,53.533333,-113.91666699999999
264,75221,9/16/2013 17:00,st. albert (canada),ab,ca,disk,5.0,5 seconds,White/Silver Saucer with white lights hovering 100m over houses,9/30/2013,53.63333299999999,-113.63333300000001
265,75236,9/17/1993 22:00,red deer (canada),ab,ca,other,120.0,1- 2 minutes,Strange shaped object&#44 no sound&#44 no lights&#44 moving slowly about 20 ft off the deck.,6/18/2004,52.266667,-113.8
266,75520,9/18/2003 23:00,edmonton (canada),ab,ca,unknown,180.0,3 minutes,Two objects with highly intense brilliant white flashes moving slowly north at extremely high altitude in parallel orbit.,9/24/2003,53.55,-113.5
267,75774,9/19/2005 00:00,fort mcmurray (earth) (canada),ab,ca,unknown,120.0,couple mins,Strange light moving around the moon observed from front walk way,10/11/2005,56.733332999999995,-111.38333300000001
268,76058,9/20/1999 22:05,calgary (canada),ab,ca,light,7.0,7 sec.,Enjoying the starf filled night.I was alerted by a rapidly blinking light to the east.It moved flashed twice and dissappeared.It reappe,12/2/2000,51.083333,-114.08333300000001
269,76259,9/20/2013 12:00,calgary (canada),ab,ca,other,300.0,5 minutes,Green orbs in CHEM trails.  ((NUFORC Note:  Optical effects of the lens&#44 we suspect.  PD)),9/30/2013,51.083333,-114.08333300000001
270,76651,9/2/2006 16:30,calgary (canada),ab,ca,cylinder,30.0,30 seconds,On Saturday afternoon&#44 Sept. 2&#44 when approaching my house in SW Calgary AB&#44 Canada&#44 I spotted an object flying west accross the sky. Wh,10/30/2006,51.083333,-114.08333300000001
271,76954,9/22/2007 03:30,cremona (15m northwest of) (canada),ab,ca,light,7200.0,2 hours,Bright fast and irratic moving light over cremona ab,10/8/2007,51.55,-114.46666699999999
272,77554,9/25/2001 22:00,red deer (canada),ab,ca,other,2.0,1-2 sec,Uniform dots of lights&#44 smooth&#44 quick&#44 unique&#44 straight line vector dissappearing into the sky.,10/12/2001,52.266667,-113.8
273,77713,9/25/2012 20:30,edmonton (canada),ab,ca,fireball,300.0,5 minutes,9 UFO in Edmonton Alberta seen by 3+me From a mechanical engineering student,5/15/2013,53.55,-113.5
274,77805,9/26/2004 22:50,camrose (canada),ab,ca,sphere,45.0,45 seconds,Slow moving light rises&#44 fades&#44 disapears&#44 then falls straight down.,9/29/2004,53.016667000000005,-112.816667
275,78088,9/27/2012 21:15,grande prairie (canada),ab,ca,sphere,20.0,20 seconds,5 burning red colored spheres moving to east in north sky from grande prairie,10/30/2012,55.166667000000004,-118.8
276,78480,9/29/2008 24:00,calgary (canada),ab,ca,light,600.0,10 min,lights over calgary,10/31/2008,51.083333,-114.08333300000001
277,78494,9/29/2011 00:00,sherwood park (canada),ab,ca,formation,8.0,8 seconds,large dim lights travelling in a straight line.,10/10/2011,53.516667000000005,-113.316667
278,78725,9/30/2005 23:30,grande prairie (canada),ab,ca,light,8.0,7 - 8 seconds,4 lights moving across the Grande Prairie Night Sky,10/11/2005,55.166667000000004,-118.8
279,78957,9/3/2009 18:15,red deer (canada),ab,ca,light,120.0,2 minutes,Redish flickering bright star in the sky&#44 where no stars that size and color are.,12/12/2009,52.266667,-113.8
280,79006,9/3/2011 21:55,lethbridge (canada),ab,ca,circle,8.0,5-8 seconds,5 glowing objects seen while watching an outdoor movie,10/10/2011,48.366667,-53.86666700000001
281,79127,9/4/2005 02:00,sherwood park (canada),ab,ca,teardrop,1800.0,30 minutes,bright light spinning around with flashing lights,9/15/2005,53.516667000000005,-113.316667
282,79306,9/5/2000 23:00,edmonton (canada),ab,ca,light,300.0,5 min,erratic light in the night sky,9/17/2000,53.55,-113.5
283,79576,9/6/2005 21:00,calgary (canada),ab,ca,oval,600.0,10 min.,OBJECTS HAD A STRANGE WHITE WITH INTERNAL RED AND BLUE ON 75% OF THE ONE OBJECT THE OTHER WAS TO FAR AWAY TO BE IDENTIFIEABLE. OBJECTS,10/11/2005,51.083333,-114.08333300000001
284,79583,9/6/2005 23:00,whitecourt (canada),ab,ca,light,5.0,5 seconds,From the East I saw 4 lights streaking across the sky moving in close proximity to one another.,10/11/2005,54.13333299999999,-115.683333
285,79884,9/8/1993 23:30,edmonton (canada),ab,ca,cigar,18000.0,4-5 hours,Lots of different ufo sightings and unexplainable pictures all in one long night.,1/16/2014,53.55,-113.5
286,80037,9/8/2011 18:00,spruce grove (canada),ab,ca,light,600.0,10 min.,very bright colors&#44 and multiple colors&#44 very fast moving.,10/10/2011,53.533333,-113.91666699999999
287,80318,9/9/2013 13:10,calmar (canada),ab,ca,unknown,90.0,45-90 seconds,Fastest dot I have ever seen in the sky&#33,9/9/2013,53.25,-113.78333300000001
